archivo,fecha,hora,comercio,monto,metodo_pago,categoria,texto_extraido
WhatsApp Image 2025-12-10 at 14.08.57.jpeg,,,Orde,400.0,,Servicios,"orde!

nde

servicio

fotio

.

sorna 0

a

ps papos

regietro

a cleanpapos™

ni

mn

ss

tates

na

ta

arras

+ omar

ut

wana es

tose

moa att

0.

seco

a.

am

nc

wae!

ena

subtotal:

$343.83

cantidad con letra:

ck rocienigs

escuent

>.

00/100 mxn

45517

impuesto

wat

soh

comentarios:

total:

$400.00

anticipo:

$400.00

monte

or”

se,

pa

palomar

ity

pagos sue

firma del cliente

acepto y autorizo el trabajo descrito en esta.

aden de servicio

se requiere de esta nota al r"
WhatsApp Image 2025-12-10 at 14.08.25.jpeg,,15:32:04,_ Er,148.01,Visa,Tecnologia,"_ er
a
| =
> =
e] pá
e steren
e
el netpay
be
rs] tiro uo saccion venta
3 3730501 mansacct
e] steren taza las villas
s} 509906
avenida lopez metegs sur
1459 lou 10
tlatomucco de zuniga.
of 24lisco
número de comerelo
py 1531544
fem} numero de cuenta:
ea] aereos
fed] visa/b8va ¿crédito
sep 29. 25 15:32:04
en] folio: 5094
[3] aprobación stata?
es] lot nin 115
ay cargo: 634
ae terminal 1493124988
e ran ain
es| total mn $148.01
re: from 1968
arne beene nee dong
aid"" sheena dtd
> waywave, visa
bi cata "
_ (1).jpeg,2020-09-21,17:06:36,Thank You Id 7Pow2Nfighl Se,46.42,****5870,Alimentos,"give us feedback @ survey .walmart .com =
thank you! id #:7pow2nfighl se
walmart >,<. e
325-655-4949 mor: kathrine =. =
610 w 29th st pe 7
san angelo tx 76903 =>
st# 01249 op# 009046 te 46 trh 06/38 ==
night hawk 004170901995 f 2.78 0 ir
healthchoice 007265545445 f 2.8 0 ==
mango yogurt 005360000026 f 0.50 0 e
banan yogurt 005360000030 f 0.50 0 ——
potatoes 089286700194 f 2.94 n ==
sugar granu_ 007874237117 f 4.98 n ===
autodrive 20 068113109287 4.47 x ==
autodrive 20 068113109287 4.47 x <=
dutch"
Create a Restaurant  Receipt - Free Restaurant  Receipt Receipt Generator.jpeg,,11:05,Harbor Lane Cafe,31.39,Visa,Alimentos,"harbor lane cafe
3941 green oaks blvd
chicago, il
sale
11/20/2019 11:05 am
batch #:01a2a
appr #:34362
trace #: 9
visa 3483
1 tacos del mal shrimp $14.98
1 especial salad chicken $12.50
1 fountain beverage $1.99
subtotal: $29.47
tax: $1.92
total: $31.39
tip: a
total:
approved
thank you
customer copy
"
_.jpeg,,6:98,Ón Hobbylobby .,9.52,Visa,Entretenimiento,"ón hobbylobby |.
sn: super savings, super selection! ‘eee
petoskey, mi 49770 as
hobby lobby. store #591. (231). 448-099) oe
me s-591, re t-4840 sarah j sale o
ss 205100000 paper crafts 6:98 oe
2 20 4.49 ea oe
= subtotal a ee rs ee
tax total se 0.54 a
visa f 9.52
account. fy ex kkh 296d ‘
a: peo a : :
acct: ¿vis tnserted =
ghase visa we, , :
card hawk xxx xxx 2364 erp x /xx
rer ro y ah de dag
43603 dada 08928gas0 150.00 a uieeee
ftp: oooo a o
ist: e800 aro: .evr:0840
: tvr; 0000008000
p= wapp: mi"
WhatsApp Image 2025-12-10 at 14.10.55.jpeg,,7:10,Beans,,Visa,Alimentos,"-

beans;

bans|

bans;

venta con propina

st tacos goh miguelo

és

r gdl

wang 1450

bandmul

oth

$

uiniga jal

caja +

e

:

slabs

29 octubre 2025

7:10

o) 50

bansi

credito/bancomer/visa--

pa

+

lote. 002

¿o

po

aaa ¿im

a

© propia»

30

total

ny

probada

a 05388 pz)

00060000507

a

ey)

c1 be

oe

1000000031010

=

b

$ 4

os nsi

mn
"
